{
  "Гауссовское распределение параметров угла наклона линии": {
    "mu": 114.25062569757216,
    "sigma": 47.82014908799104
  },
  "Реальный интервал - Метод Хафа": 0.05409437835329195
}