{
  "Гауссовское распределение параметров угла наклона линии": {
    "mu": 39.910153491566724,
    "sigma": 24.174618581563248
  },
  "Реальный интервал - Метод Хафа": 0.10749224193104633
}