{
    "Частота интервалов": 7.68138153041163,
    "Реальный интервал (среднее)": 0.13018491478920355,
    "Угол наклона линии (среднее)": 114.25062569757216,
    "Длина линии (среднее)": 4.9697786354907185
}