{
  "Частота интервалов": 7.680515123839053,
  "Реальный интервал (среднее)": 0.13019960040130182,
  "Угол наклона линии (среднее)": 114.25062569757216,
  "Длина линии (среднее)": 4.9697786354907185
}