{
  "Частота интервалов": 3.2611658418995186,
  "Реальный интервал (среднее)": 0.30663880602206167,
  "Угол наклона линии (среднее)": 39.910153491566724,
  "Длина линии (среднее)": 5.119265894133886
}