{
  "Оценка шума": -2.6485287363542858,
  "Наборы линий": [
    {
      "Набор линий №": 1,
      "Среднее": -2.6485287363542858,
      "Дисперсия": 3.9009806290041595,
      "Средняя амплитуда": 69.37668379173869
    },
    {
      "Набор линий №": 2,
      "Среднее": -0.1916617313170765,
      "Дисперсия": 4.174508115870675,
      "Средняя амплитуда": 22.51658932750093
    }
  ]
}